source,current_gw_est,2030_target_gw,new_capacity_needed_gw,annual_addition_needed_gw
Solar,94.80249900000001,280,185.197501,37.0395002
Wind,60.32886299999999,140,79.67113700000002,15.934227400000003
Hydro/Flexible,47.72816,65,17.271839999999997,3.4543679999999997
BESS,0.0,75,75.0,15.0
