source,generation_gw,share_pct,cost_rs_kwh,emission_tco2_mwh
Solar,94.80249900000001,25.548276075802,2.2,0.0
Wind,60.32886299999999,16.25799386641945,2.8,0.0
Hydro,47.72816,12.862236978268369,3.5,0.02
Coal,168.212478,45.331493079510174,4.6,0.95
Gas,0.0,0.0,7.0,0.45
